Full Complaint ID,Complaint Year Number,Month Number,Record Create Date,Complaint Precinct Code,Patrol Borough Name,County,Law Code Category Description,Offense Description,PD Code Description,Bias Motive Description,Offense Category,Arrest Date,Arrest Id
202007012371917,2020,5,05/12/2020,70,PATROL BORO BKLYN SOUTH,KINGS,FELONY,MISCELLANEOUS PENAL LAW,AGGRAVATED HARASSMENT 1,ANTI-JEWISH,Religion/Religious Practice,05/12/2020,K32688959
202008812373017,2020,8,08/21/2020,88,PATROL BORO BKLYN NORTH,KINGS,MISDEMEANOR,CRIMINAL MISCHIEF & RELATED OF,"CRIMINAL MISCHIEF 4TH, GRAFFIT",ANTI-JEWISH,Religion/Religious Practice,08/21/2020,K32697729
202006112636617,2020,11,11/28/2020,61,PATROL BORO BKLYN SOUTH,KINGS,FELONY,MISCELLANEOUS PENAL LAW,AGGRAVATED HARASSMENT 1,ANTI-JEWISH,Religion/Religious Practice,11/28/2020,K32709542
202007012887617,2020,12,12/26/2020,70,PATROL BORO BKLYN SOUTH,KINGS,FELONY,MISCELLANEOUS PENAL LAW,AGGRAVATED HARASSMENT 1,ANTI-JEWISH,Religion/Religious Practice,12/31/2020,K32713379
202004412397317,2020,3,03/28/2020,44,PATROL BORO BRONX,BRONX,FELONY,FELONY ASSAULT,"ASSAULT 2,1,UNCLASSIFIED",ANTI-ASIAN,Race/Color,03/28/2020,B32682490
202004412397317,2020,3,03/28/2020,44,PATROL BORO BRONX,BRONX,FELONY,FELONY ASSAULT,"ASSAULT 2,1,UNCLASSIFIED",ANTI-ASIAN,Race/Color,03/28/2020,B32682492
202004512477317,2020,7,07/18/2020,45,PATROL BORO BRONX,BRONX,MISDEMEANOR,OFF. AGNST PUB ORD SENSBLTY &,AGGRAVATED HARASSMENT 2,ANTI-BLACK,Race/Color,11/10/2020,B32701468
202009012315217,2020,5,05/10/2020,90,PATROL BORO BKLYN NORTH,KINGS,MISDEMEANOR,OFF. AGNST PUB ORD SENSBLTY &,AGGRAVATED HARASSMENT 2,ANTI-JEWISH,Religion/Religious Practice,05/10/2020,K32688732
202004012846517,2020,7,07/31/2020,40,PATROL BORO BRONX,BRONX,FELONY,MISCELLANEOUS PENAL LAW,AGGRAVATED HARASSMENT 1,ANTI-ASIAN,Race/Color,08/06/2020,B32692369
202004812794517,2020,10,10/08/2020,48,PATROL BORO BRONX,BRONX,MISDEMEANOR,ASSAULT 3 & RELATED OFFENSES,"MENACING,UNCLASSIFIED",ANTI-MALE HOMOSEXUAL (GAY),Sexual Orientation,10/08/2020,B32698112
202007112111117,2020,1,01/21/2020,71,PATROL BORO BKLYN SOUTH,KINGS,MISDEMEANOR,ASSAULT 3 & RELATED OFFENSES,"MENACING,UNCLASSIFIED",ANTI-JEWISH,Religion/Religious Practice,01/21/2020,K32675055
202009012783317,2020,12,12/28/2020,90,PATROL BORO BKLYN NORTH,KINGS,MISDEMEANOR,ASSAULT 3 & RELATED OFFENSES,ASSAULT 3,ANTI-FEMALE,Gender,12/30/2020,K32713237
202004412215017,2020,2,02/06/2020,44,PATROL BORO BRONX,BRONX,MISDEMEANOR,ASSAULT 3 & RELATED OFFENSES,ASSAULT 3,ANTI-MALE HOMOSEXUAL (GAY),Sexual Orientation,02/06/2020,B32676594
202004912290917,2020,4,04/12/2020,49,PATROL BORO BRONX,BRONX,FELONY,MISCELLANEOUS PENAL LAW,AGGRAVATED HARASSMENT 1,ANTI-JEWISH,Religion/Religious Practice,04/29/2020,B32684534
202009012073217,2020,1,01/01/2020,90,PATROL BORO BKLYN NORTH,KINGS,FELONY,FELONY ASSAULT,"ASSAULT 2,1,UNCLASSIFIED",ANTI-JEWISH,Religion/Religious Practice,01/01/2020,K32672193
202006612261517,2020,5,05/21/2020,66,PATROL BORO BKLYN SOUTH,KINGS,MISDEMEANOR,OFF. AGNST PUB ORD SENSBLTY &,AGGRAVATED HARASSMENT 2,ANTI-JEWISH,Religion/Religious Practice,06/11/2020,K32692289
202001312284817,2020,3,03/16/2020,13,PATROL BORO MAN SOUTH,NEW YORK,MISDEMEANOR,ASSAULT 3 & RELATED OFFENSES,ASSAULT 3,ANTI-ASIAN,Race/Color,03/16/2020,M32682870
202001012217017,2020,5,05/05/2020,10,PATROL BORO MAN SOUTH,NEW YORK,FELONY,ROBBERY,"ROBBERY,DWELLING",ANTI-MALE HOMOSEXUAL (GAY),Sexual Orientation,07/16/2020,M32692250
202000612281517,2020,5,05/24/2020,6,PATROL BORO MAN SOUTH,NEW YORK,FELONY,MISCELLANEOUS PENAL LAW,MENACING 1ST DEGREE (VICT NOT,ANTI-ASIAN,Race/Color,05/24/2020,M32688260
202001812119417,2020,1,01/17/2020,18,PATROL BORO MAN SOUTH,NEW YORK,MISDEMEANOR,OFF. AGNST PUB ORD SENSBLTY &,AGGRAVATED HARASSMENT 2,ANTI-JEWISH,Religion/Religious Practice,01/16/2020,M32674183
202003012103417,2020,1,01/24/2020,30,PATROL BORO MAN NORTH,NEW YORK,MISDEMEANOR,ASSAULT 3 & RELATED OFFENSES,ASSAULT 3,ANTI-LGBT (MIXED GROUP),Sexual Orientation,01/30/2020,M32676128
202003212518317,2020,8,08/25/2020,32,PATROL BORO MAN NORTH,NEW YORK,FELONY,ROBBERY,"ROBBERY,OPEN AREA UNCLASSIFIED",ANTI-WHITE,Race/Color,08/25/2020,M32694928
202001012277017,2020,1,06/30/2020,10,PATROL BORO MAN SOUTH,NEW YORK,FELONY,SEX CRIMES,SEXUAL ABUSE,ANTI-MALE HOMOSEXUAL (GAY),Sexual Orientation,02/22/2021,M33677656
202009412255117,2020,6,06/27/2020,94,PATROL BORO BKLYN NORTH,KINGS,FELONY,FELONY ASSAULT,"ASSAULT 2,1,UNCLASSIFIED",ANTI-WHITE,Race/Color,06/27/2020,K32693334
202009012706417,2020,11,11/17/2020,90,PATROL BORO BKLYN NORTH,KINGS,MISDEMEANOR,ASSAULT 3 & RELATED OFFENSES,ASSAULT 3,ANTI-FEMALE,Gender,12/30/2020,K32713232
202007012887817,2020,12,12/26/2020,70,PATROL BORO BKLYN SOUTH,KINGS,FELONY,BURGLARY,"BURGLARY,UNCLASSIFIED,NIGHT",ANTI-JEWISH,Religion/Religious Practice,12/31/2020,K32713380
202007212136017,2020,2,02/08/2020,72,PATROL BORO BKLYN SOUTH,KINGS,FELONY,MISCELLANEOUS PENAL LAW,AGGRAVATED HARASSMENT 1,ANTI-JEWISH,Religion/Religious Practice,02/11/2020,K32678354
202007812182317,2020,3,03/24/2020,78,PATROL BORO BKLYN SOUTH,KINGS,MISDEMEANOR,OFF. AGNST PUB ORD SENSBLTY &,AGGRAVATED HARASSMENT 2,ANTI-ASIAN,Race/Color,03/24/2020,K32684518
202007012888517,2020,12,12/27/2020,70,PATROL BORO BKLYN SOUTH,KINGS,FELONY,BURGLARY,"BURGLARY,UNCLASSIFIED,NIGHT",ANTI-JEWISH,Religion/Religious Practice,12/31/2020,K32713374
202007512676517,2020,5,05/07/2020,75,PATROL BORO BKLYN NORTH,KINGS,FELONY,FELONY ASSAULT,"ASSAULT 2,1,UNCLASSIFIED",ANTI-TRANSGENDER,Gender,05/12/2020,K32688942
202006612273017,2020,6,06/02/2020,66,PATROL BORO BKLYN SOUTH,KINGS,MISDEMEANOR,CRIMINAL MISCHIEF & RELATED OF,"CRIMINAL MISCHIEF,UNCLASSIFIED 4",ANTI-JEWISH,Religion/Religious Practice,06/01/2020,K32691655
202009012483217,2020,8,08/06/2020,90,PATROL BORO BKLYN NORTH,KINGS,MISDEMEANOR,ASSAULT 3 & RELATED OFFENSES,ASSAULT 3,ANTI-FEMALE,Gender,01/05/2021,K33672672
202004012762317,2020,7,07/07/2020,40,PATROL BORO BRONX,BRONX,FELONY,ROBBERY,"ROBBERY,OPEN AREA UNCLASSIFIED",ANTI-MALE HOMOSEXUAL (GAY),Sexual Orientation,07/07/2020,B32690513
202007912147017,2020,1,01/29/2020,79,PATROL BORO BKLYN NORTH,KINGS,FELONY,FELONY ASSAULT,"ASSAULT 2,1,UNCLASSIFIED",ANTI-ASIAN,Race/Color,01/29/2020,K32676408
202004412397317,2020,3,03/28/2020,44,PATROL BORO BRONX,BRONX,FELONY,FELONY ASSAULT,"ASSAULT 2,1,UNCLASSIFIED",ANTI-ASIAN,Race/Color,11/03/2020,B32700799
202009012289017,2020,4,04/23/2020,90,PATROL BORO BKLYN NORTH,KINGS,FELONY,FELONY ASSAULT,"ASSAULT 2,1,UNCLASSIFIED",ANTI-JEWISH,Religion/Religious Practice,05/12/2020,K32688863
202009012778417,2020,12,12/27/2020,90,PATROL BORO BKLYN NORTH,KINGS,MISDEMEANOR,ASSAULT 3 & RELATED OFFENSES,ASSAULT 3,ANTI-FEMALE,Gender,12/30/2020,K32713235
202007012887917,2020,12,12/26/2020,70,PATROL BORO BKLYN SOUTH,KINGS,FELONY,MISCELLANEOUS PENAL LAW,AGGRAVATED HARASSMENT 1,ANTI-JEWISH,Religion/Religious Practice,12/31/2020,K32713376
202009012753017,2020,12,12/12/2020,90,PATROL BORO BKLYN NORTH,KINGS,MISDEMEANOR,ASSAULT 3 & RELATED OFFENSES,ASSAULT 3,ANTI-FEMALE,Gender,01/05/2021,K33672676
202008412215917,2020,3,03/25/2020,84,PATROL BORO BKLYN NORTH,KINGS,MISDEMEANOR,ASSAULT 3 & RELATED OFFENSES,ASSAULT 3,ANTI-ASIAN,Race/Color,05/12/2020,K32688843
202008412535117,2020,11,11/17/2020,84,PATROL BORO BKLYN NORTH,KINGS,MISDEMEANOR,OFF. AGNST PUB ORD SENSBLTY &,AGGRAVATED HARASSMENT 2,ANTI-JEWISH,Religion/Religious Practice,11/17/2020,K32708126
202004012762317,2020,7,07/07/2020,40,PATROL BORO BRONX,BRONX,FELONY,ROBBERY,"ROBBERY,OPEN AREA UNCLASSIFIED",ANTI-MALE HOMOSEXUAL (GAY),Sexual Orientation,07/07/2020,B32690509
202004013353317,2020,12,12/13/2020,40,PATROL BORO BRONX,BRONX,FELONY,FELONY ASSAULT,"ASSAULT 2,1,UNCLASSIFIED",ANTI-FEMALE HOMOSEXUAL (LESBIAN),Sexual Orientation,01/08/2021,B33672940
202008412189417,2020,3,03/06/2020,84,PATROL BORO BKLYN NORTH,KINGS,MISDEMEANOR,OFF. AGNST PUB ORD SENSBLTY &,AGGRAVATED HARASSMENT 2,ANTI-JEWISH,Religion/Religious Practice,03/06/2020,K32682298
202007012371917,2020,5,05/12/2020,70,PATROL BORO BKLYN SOUTH,KINGS,FELONY,MISCELLANEOUS PENAL LAW,AGGRAVATED HARASSMENT 1,ANTI-JEWISH,Religion/Religious Practice,05/12/2020,K32688958
202009012289017,2020,4,04/23/2020,90,PATROL BORO BKLYN NORTH,KINGS,FELONY,FELONY ASSAULT,"ASSAULT 2,1,UNCLASSIFIED",ANTI-JEWISH,Religion/Religious Practice,05/15/2020,K32689418
202006012482217,2020,8,08/09/2020,60,PATROL BORO BKLYN SOUTH,KINGS,FELONY,MISCELLANEOUS PENAL LAW,AGGRAVATED HARASSMENT 1,ANTI-MALE HOMOSEXUAL (GAY),Sexual Orientation,08/09/2020,K32696544
202009012778417,2020,12,12/27/2020,90,PATROL BORO BKLYN NORTH,KINGS,MISDEMEANOR,ASSAULT 3 & RELATED OFFENSES,ASSAULT 3,ANTI-FEMALE,Gender,01/05/2021,K33672679
202004412397317,2020,3,03/28/2020,44,PATROL BORO BRONX,BRONX,FELONY,FELONY ASSAULT,"ASSAULT 2,1,UNCLASSIFIED",ANTI-ASIAN,Race/Color,03/28/2020,B32682489
202006612190117,2020,3,03/20/2020,66,PATROL BORO BKLYN SOUTH,KINGS,FELONY,GRAND LARCENY,"LARCENY,GRAND FROM PERSON,PERSONAL ELECTRONIC DEVICE(SNATCH)",ANTI-ASIAN,Race/Color,03/19/2020,K32684172
202009012315217,2020,5,05/10/2020,90,PATROL BORO BKLYN NORTH,KINGS,MISDEMEANOR,OFF. AGNST PUB ORD SENSBLTY &,AGGRAVATED HARASSMENT 2,ANTI-JEWISH,Religion/Religious Practice,05/10/2020,K32688722
202008412215817,2020,3,03/25/2020,84,PATROL BORO BKLYN NORTH,KINGS,FELONY,FELONY ASSAULT,"ASSAULT 2,1,UNCLASSIFIED",ANTI-ASIAN,Race/Color,05/12/2020,K32688835
202006712443317,2020,5,05/12/2020,67,PATROL BORO BKLYN SOUTH,KINGS,MISDEMEANOR,ASSAULT 3 & RELATED OFFENSES,"MENACING,UNCLASSIFIED",ANTI-GENDER NON-CONFORMING,Gender,05/12/2020,K32688936
202006012595617,2020,10,10/05/2020,60,PATROL BORO BKLYN SOUTH,KINGS,FELONY,BURGLARY,"BURGLARY,UNCLASSIFIED,NIGHT",ANTI-JEWISH,Religion/Religious Practice,10/04/2020,K32702669
202009012783317,2020,12,12/28/2020,90,PATROL BORO BKLYN NORTH,KINGS,MISDEMEANOR,ASSAULT 3 & RELATED OFFENSES,ASSAULT 3,ANTI-FEMALE,Gender,01/05/2021,K33672681
202009012753017,2020,12,12/12/2020,90,PATROL BORO BKLYN NORTH,KINGS,MISDEMEANOR,ASSAULT 3 & RELATED OFFENSES,ASSAULT 3,ANTI-FEMALE,Gender,12/30/2020,K32713233
202009012729317,2020,11,11/29/2020,90,PATROL BORO BKLYN NORTH,KINGS,MISDEMEANOR,ASSAULT 3 & RELATED OFFENSES,ASSAULT 3,ANTI-FEMALE,Gender,01/05/2021,K33672675
202010012307317,2020,8,08/12/2020,100,PATROL BORO QUEENS SOUTH,QUEENS,VIOLATION,HARRASSMENT 2,"HARASSMENT,SUBD 3,4,5",ANTI-MALE HOMOSEXUAL (GAY),Sexual Orientation,10/14/2020,Q32696687
202009012706417,2020,11,11/17/2020,90,PATROL BORO BKLYN NORTH,KINGS,MISDEMEANOR,ASSAULT 3 & RELATED OFFENSES,ASSAULT 3,ANTI-FEMALE,Gender,01/05/2021,K33672673
202010112462317,2020,9,09/07/2020,101,PATROL BORO QUEENS SOUTH,QUEENS,FELONY,MURDER & NON-NEGL. MANSLAUGHTE,"MANSLAUGHTER,UNCLASSIFIED - NO",ANTI-MALE HOMOSEXUAL (GAY),Sexual Orientation,09/07/2020,Q32693311
202000512092517,2020,1,01/14/2020,5,PATROL BORO MAN SOUTH,NEW YORK,FELONY,MISCELLANEOUS PENAL LAW,AGGRAVATED HARASSMENT 1,ANTI-JEWISH,Religion/Religious Practice,01/14/2020,M32673717
202011212198417,2020,4,04/26/2020,112,PATROL BORO QUEENS NORTH,QUEENS,FELONY,CRIMINAL MISCHIEF & RELATED OF,"MISCHIEF,CRIMINAL,    UNCL 2ND",ANTI-ASIAN,Race/Color,07/07/2020,Q32688927
202011212409117,2020,11,11/07/2020,112,PATROL BORO QUEENS NORTH,QUEENS,FELONY,FELONY ASSAULT,"ASSAULT 2,1,UNCLASSIFIED",ANTI-MUSLIM,Religion/Religious Practice,11/12/2020,Q32699240
202000512202417,2020,3,03/29/2020,5,PATROL BORO MAN SOUTH,NEW YORK,MISDEMEANOR,ASSAULT 3 & RELATED OFFENSES,"MENACING,UNCLASSIFIED",ANTI-ASIAN,Race/Color,03/29/2020,M32683869
202001012488217,2020,12,12/28/2020,10,PATROL BORO MAN SOUTH,NEW YORK,MISDEMEANOR,ASSAULT 3 & RELATED OFFENSES,ASSAULT 3,ANTI-ASIAN,Race/Color,12/28/2020,M32706958
202002312217217,2020,3,03/10/2020,23,PATROL BORO MAN NORTH,NEW YORK,FELONY,MISCELLANEOUS PENAL LAW,AGGRAVATED HARASSMENT 1,ANTI-ASIAN,Race/Color,03/13/2020,M32682532
202001012410217,2020,10,10/13/2020,10,PATROL BORO MAN SOUTH,NEW YORK,MISDEMEANOR,OFF. AGNST PUB ORD SENSBLTY &,AGGRAVATED HARASSMENT 2,ANTI-MALE HOMOSEXUAL (GAY),Sexual Orientation,11/30/2020,M32704105
202001812697817,2020,12,12/04/2020,18,PATROL BORO MAN SOUTH,NEW YORK,FELONY,FELONY ASSAULT,"ASSAULT 2,1,UNCLASSIFIED",ANTI-MALE HOMOSEXUAL (GAY),Sexual Orientation,12/15/2020,M32705927
202000612584317,2020,12,12/18/2020,6,PATROL BORO MAN SOUTH,NEW YORK,FELONY,ROBBERY,"ROBBERY,PUBLIC PLACE INSIDE",ANTI-ASIAN,Race/Color,01/11/2021,M33673062
202000712242517,2020,5,05/16/2020,7,PATROL BORO MAN SOUTH,NEW YORK,MISDEMEANOR,OFF. AGNST PUB ORD SENSBLTY &,AGGRAVATED HARASSMENT 2,ANTI-ASIAN,Race/Color,09/27/2020,M32697732
202001012253017,2020,6,06/12/2020,10,PATROL BORO MAN SOUTH,NEW YORK,FELONY,FELONY ASSAULT,"ASSAULT 2,1,UNCLASSIFIED",ANTI-MALE HOMOSEXUAL (GAY),Sexual Orientation,06/12/2020,M32690599
202001312781717,2020,11,11/22/2020,13,PATROL BORO MAN SOUTH,NEW YORK,MISDEMEANOR,ASSAULT 3 & RELATED OFFENSES,ASSAULT 3,ANTI-MALE HOMOSEXUAL (GAY),Sexual Orientation,01/04/2021,M33672323
202001412308717,2020,3,03/10/2020,14,PATROL BORO MAN SOUTH,NEW YORK,MISDEMEANOR,ASSAULT 3 & RELATED OFFENSES,ASSAULT 3,ANTI-ASIAN,Race/Color,04/08/2020,M32684360
202001912820617,2020,11,11/03/2020,19,PATROL BORO MAN NORTH,NEW YORK,MISDEMEANOR,CRIMINAL MISCHIEF & RELATED OF,"CRIMINAL MISCHIEF 4TH, GRAFFIT",ANTI-JEWISH,Religion/Religious Practice,12/08/2020,M32705066
202003012103417,2020,1,01/24/2020,30,PATROL BORO MAN NORTH,NEW YORK,MISDEMEANOR,ASSAULT 3 & RELATED OFFENSES,ASSAULT 3,ANTI-LGBT (MIXED GROUP),Sexual Orientation,02/19/2020,M32678917
202000612584317,2020,12,12/18/2020,6,PATROL BORO MAN SOUTH,NEW YORK,FELONY,ROBBERY,"ROBBERY,PUBLIC PLACE INSIDE",ANTI-ASIAN,Race/Color,04/14/2021,M33683594
202000612439017,2020,9,09/12/2020,6,PATROL BORO MAN SOUTH,NEW YORK,FELONY,MISCELLANEOUS PENAL LAW,AGGRAVATED HARASSMENT 1,ANTI-MULTI-RACIAL GROUPS,Race/Color,09/27/2022,M34708270
202002312148217,2020,2,02/05/2020,23,PATROL BORO MAN NORTH,NEW YORK,MISDEMEANOR,OFF. AGNST PUB ORD SENSBLTY &,AGGRAVATED HARASSMENT 2,ANTI-BLACK,Race/Color,02/14/2020,M32678261
202000112210017,2020,2,02/24/2020,1,PATROL BORO MAN SOUTH,NEW YORK,MISDEMEANOR,OFF. AGNST PUB ORD SENSBLTY &,AGGRAVATED HARASSMENT 2,ANTI-WHITE,Race/Color,03/10/2020,M32681914
202000912584617,2020,12,12/26/2020,9,PATROL BORO MAN SOUTH,NEW YORK,FELONY,FELONY ASSAULT,"ASSAULT 2,1,UNCLASSIFIED",ANTI-BLACK,Race/Color,12/26/2020,M32706808
202001012341417,2020,8,08/19/2020,10,PATROL BORO MAN SOUTH,NEW YORK,FELONY,MISCELLANEOUS PENAL LAW,AGGRAVATED HARASSMENT 1,ANTI-BLACK,Race/Color,,
202001012348217,2020,8,08/24/2020,10,PATROL BORO MAN SOUTH,NEW YORK,MISDEMEANOR,CRIMINAL MISCHIEF & RELATED OF,"CRIMINAL MISCHIEF 4TH, GRAFFIT",ANTI-BLACK,Race/Color,,
202001312183717,2020,2,02/09/2020,13,PATROL BORO MAN SOUTH,NEW YORK,MISDEMEANOR,CRIMINAL MISCHIEF & RELATED OF,"CRIMINAL MISCHIEF 4TH, GRAFFIT",ANTI-JEWISH,Religion/Religious Practice,,
202004012201517,2020,1,01/31/2020,40,PATROL BORO BRONX,BRONX,MISDEMEANOR,CRIMINAL MISCHIEF & RELATED OF,"CRIMINAL MISCHIEF 4TH, GRAFFIT",ANTI-BLACK,Race/Color,,
202004512685317,2020,11,11/07/2020,45,PATROL BORO BRONX,BRONX,FELONY,MISCELLANEOUS PENAL LAW,AGGRAVATED HARASSMENT 1,ANTI-JEWISH,Religion/Religious Practice,,
202006812511217,2020,10,10/27/2020,68,PATROL BORO BKLYN SOUTH,KINGS,FELONY,MISCELLANEOUS PENAL LAW,AGGRAVATED HARASSMENT 1,ANTI-JEWISH,Religion/Religious Practice,,
202007712709917,2020,11,11/20/2020,77,PATROL BORO BKLYN NORTH,KINGS,FELONY,MISCELLANEOUS PENAL LAW,AGGRAVATED HARASSMENT 1,ANTI-JEWISH,Religion/Religious Practice,,
202008312175417,2020,2,02/12/2020,83,PATROL BORO BKLYN NORTH,KINGS,MISDEMEANOR,ASSAULT 3 & RELATED OFFENSES,ASSAULT 3,ANTI-JEWISH,Religion/Religious Practice,,
202010612226217,2020,3,03/05/2020,106,PATROL BORO QUEENS SOUTH,QUEENS,MISDEMEANOR,CRIMINAL MISCHIEF & RELATED OF,"MISCHIEF, CRIMINAL 4, BY FIRE",ANTI-HINDU,Religion/Religious Practice,,
202011012472917,2020,7,07/10/2020,110,PATROL BORO QUEENS NORTH,QUEENS,MISDEMEANOR,CRIMINAL MISCHIEF & RELATED OF,"CRIMINAL MISCHIEF 4TH, GRAFFIT",ANTI-RELIGIOUS PRACTICE GENERALLY,Religion/Religious Practice,,
202012012102917,2020,1,01/14/2020,120,PATROL BORO STATEN ISLAND,RICHMOND,MISDEMEANOR,CRIMINAL MISCHIEF & RELATED OF,"CRIMINAL MISCHIEF,UNCLASSIFIED 4",ANTI-JEWISH,Religion/Religious Practice,,
202010012361717,2020,10,10/02/2020,100,PATROL BORO QUEENS SOUTH,QUEENS,MISDEMEANOR,OFF. AGNST PUB ORD SENSBLTY &,AGGRAVATED HARASSMENT 2,ANTI-MALE HOMOSEXUAL (GAY),Sexual Orientation,10/14/2020,Q32696681
202002312217317,2020,3,03/10/2020,23,PATROL BORO MAN NORTH,NEW YORK,MISDEMEANOR,ASSAULT 3 & RELATED OFFENSES,ASSAULT 3,ANTI-ASIAN,Race/Color,03/13/2020,M32682527
202000712456417,2020,10,10/24/2020,7,PATROL BORO MAN SOUTH,NEW YORK,MISDEMEANOR,CRIMINAL MISCHIEF & RELATED OF,"CRIMINAL MISCHIEF 4TH, GRAFFIT",ANTI-JEWISH,Religion/Religious Practice,10/24/2020,M32700595
202012012601717,2020,9,09/03/2020,120,PATROL BORO STATEN ISLAND,RICHMOND,MISDEMEANOR,CRIMINAL MISCHIEF & RELATED OF,"CRIMINAL MISCHIEF 4TH, GRAFFIT",ANTI-BLACK,Race/Color,03/24/2021,S33673862
202002012211417,2020,5,05/12/2020,20,PATROL BORO MAN NORTH,NEW YORK,FELONY,MISCELLANEOUS PENAL LAW,AGGRAVATED HARASSMENT 1,ANTI-FEMALE HOMOSEXUAL (LESBIAN),Sexual Orientation,,
202002612342817,2020,10,10/06/2020,26,PATROL BORO MAN NORTH,NEW YORK,MISDEMEANOR,CRIMINAL MISCHIEF & RELATED OF,"CRIMINAL MISCHIEF 4TH, GRAFFIT",ANTI-JEWISH,Religion/Religious Practice,,
202010112488017,2020,9,09/24/2020,101,PATROL BORO QUEENS SOUTH,QUEENS,MISDEMEANOR,CRIMINAL MISCHIEF & RELATED OF,"CRIMINAL MISCHIEF 4TH, GRAFFIT",ANTI-BLACK,Race/Color,09/24/2020,Q32694806
202001012269817,2020,6,06/27/2020,10,PATROL BORO MAN SOUTH,NEW YORK,FELONY,MISCELLANEOUS PENAL LAW,AGGRAVATED HARASSMENT 1,ANTI-BLACK,Race/Color,,
202001712128017,2020,2,02/11/2020,17,PATROL BORO MAN SOUTH,NEW YORK,FELONY,MISCELLANEOUS PENAL LAW,MAKING TERRORISTIC THREAT,ANTI-JEWISH,Religion/Religious Practice,,
202003212159017,2020,2,02/12/2020,32,PATROL BORO MAN NORTH,NEW YORK,MISDEMEANOR,CRIMINAL MISCHIEF & RELATED OF,"CRIMINAL MISCHIEF,UNCLASSIFIED 4",ANTI-JEWISH,Religion/Religious Practice,,
202003412137417,2020,2,02/03/2020,34,PATROL BORO MAN NORTH,NEW YORK,FELONY,MISCELLANEOUS PENAL LAW,AGGRAVATED HARASSMENT 1,ANTI-JEWISH,Religion/Religious Practice,,
202004013353317,2020,12,12/13/2020,40,PATROL BORO BRONX,BRONX,FELONY,FELONY ASSAULT,"ASSAULT 2,1,UNCLASSIFIED",ANTI-FEMALE HOMOSEXUAL (LESBIAN),Sexual Orientation,,
202006612437417,2020,9,09/21/2020,66,PATROL BORO BKLYN SOUTH,KINGS,FELONY,MISCELLANEOUS PENAL LAW,AGGRAVATED HARASSMENT 1,ANTI-JEWISH,Religion/Religious Practice,,
202006612478217,2020,10,10/22/2020,66,PATROL BORO BKLYN SOUTH,KINGS,MISDEMEANOR,CRIMINAL MISCHIEF & RELATED OF,"CRIMINAL MISCHIEF,UNCLASSIFIED 4",ANTI-JEWISH,Religion/Religious Practice,,
202006712925617,2020,10,10/18/2020,67,PATROL BORO BKLYN SOUTH,KINGS,MISDEMEANOR,OFF. AGNST PUB ORD SENSBLTY &,AGGRAVATED HARASSMENT 2,ANTI-MALE HOMOSEXUAL (GAY),Sexual Orientation,,
202007912147017,2020,1,01/29/2020,79,PATROL BORO BKLYN NORTH,KINGS,FELONY,FELONY ASSAULT,"ASSAULT 2,1,UNCLASSIFIED",ANTI-ASIAN,Race/Color,,
202008812139417,2020,2,02/12/2020,88,PATROL BORO BKLYN NORTH,KINGS,FELONY,MISCELLANEOUS PENAL LAW,AGGRAVATED HARASSMENT 1,ANTI-JEWISH,Religion/Religious Practice,,
202008812224517,2020,4,04/21/2020,88,PATROL BORO BKLYN NORTH,KINGS,FELONY,MISCELLANEOUS PENAL LAW,AGGRAVATED HARASSMENT 1,ANTI-OTHER ETHNICITY,Ethnicity/National Origin/Ancestry,,
202009012451117,2020,7,07/23/2020,90,PATROL BORO BKLYN NORTH,KINGS,FELONY,GRAND LARCENY,"LARCENY,GRAND FROM PERSON,UNCL",ANTI-JEWISH,Religion/Religious Practice,,
202009412073817,2020,12,01/02/2020,94,PATROL BORO BKLYN NORTH,KINGS,FELONY,MISCELLANEOUS PENAL LAW,AGGRAVATED HARASSMENT 1,ANTI-JEWISH,Religion/Religious Practice,,
202001912274917,2020,3,03/08/2020,19,PATROL BORO MAN NORTH,NEW YORK,MISDEMEANOR,OFF. AGNST PUB ORD SENSBLTY &,AGGRAVATED HARASSMENT 2,ANTI-JEWISH,Religion/Religious Practice,,
202002412235017,2020,4,04/19/2020,24,PATROL BORO MAN NORTH,NEW YORK,MISDEMEANOR,OFF. AGNST PUB ORD SENSBLTY &,AGGRAVATED HARASSMENT 2,ANTI-ASIAN,Race/Color,,
202003012319017,2020,7,07/09/2020,30,PATROL BORO MAN NORTH,NEW YORK,FELONY,FELONY ASSAULT,"ASSAULT 2,1,UNCLASSIFIED",ANTI-TRANSGENDER,Gender,,
202004412467317,2020,4,04/25/2020,44,PATROL BORO BRONX,BRONX,FELONY,MISCELLANEOUS PENAL LAW,AGGRAVATED HARASSMENT 1,ANTI-JEWISH,Religion/Religious Practice,,
202006812329117,2020,7,07/07/2020,68,PATROL BORO BKLYN SOUTH,KINGS,FELONY,MISCELLANEOUS PENAL LAW,AGGRAVATED HARASSMENT 1,ANTI-RELIGIOUS PRACTICE GENERALLY,Religion/Religious Practice,,
202007212185817,2020,3,03/07/2020,72,PATROL BORO BKLYN SOUTH,KINGS,FELONY,MISCELLANEOUS PENAL LAW,AGGRAVATED HARASSMENT 1,ANTI-JEWISH,Religion/Religious Practice,,
202007812077917,2020,1,01/06/2020,78,PATROL BORO BKLYN SOUTH,KINGS,MISDEMEANOR,CRIMINAL MISCHIEF & RELATED OF,"CRIMINAL MISCHIEF 4TH, GRAFFIT",ANTI-JEWISH,Religion/Religious Practice,,
202009012643317,2020,10,10/18/2020,90,PATROL BORO BKLYN NORTH,KINGS,MISDEMEANOR,CRIMINAL MISCHIEF & RELATED OF,"CRIMINAL MISCHIEF 4TH, GRAFFIT",ANTI-ASIAN,Race/Color,,
202010012368717,2020,10,10/10/2020,100,PATROL BORO QUEENS SOUTH,QUEENS,MISDEMEANOR,CRIMINAL MISCHIEF & RELATED OF,"CRIMINAL MISCHIEF 4TH, GRAFFIT",ANTI-BLACK,Race/Color,,
202011212267617,2020,7,07/04/2020,112,PATROL BORO QUEENS NORTH,QUEENS,MISDEMEANOR,CRIMINAL MISCHIEF & RELATED OF,"MISCHIEF, CRIMINAL 4, OF MOTOR",ANTI-JEWISH,Religion/Religious Practice,,
202011212477817,2020,12,12/30/2020,112,PATROL BORO QUEENS NORTH,QUEENS,MISDEMEANOR,CRIMINAL MISCHIEF & RELATED OF,"CRIMINAL MISCHIEF 4TH, GRAFFIT",ANTI-BLACK,Race/Color,,
202012312240017,2020,8,08/06/2020,123,PATROL BORO STATEN ISLAND,RICHMOND,MISDEMEANOR,CRIMINAL MISCHIEF & RELATED OF,"CRIMINAL MISCHIEF 4TH, GRAFFIT",ANTI-BLACK,Race/Color,,
202011212158517,2020,3,03/12/2020,112,PATROL BORO QUEENS NORTH,QUEENS,FELONY,MISCELLANEOUS PENAL LAW,AGGRAVATED HARASSMENT 1,ANTI-ASIAN,Race/Color,03/14/2020,Q32680497
202011212227317,2020,5,05/24/2020,112,PATROL BORO QUEENS NORTH,QUEENS,MISDEMEANOR,ASSAULT 3 & RELATED OFFENSES,ASSAULT 3,ANTI-MALE HOMOSEXUAL (GAY),Sexual Orientation,05/24/2020,Q32685894
202011512455917,2020,5,06/04/2020,115,PATROL BORO QUEENS NORTH,QUEENS,FELONY,GRAND LARCENY,"LARCENY,GRAND BY FALSE PROMISE-IN PERSON CONTACT",60 YRS AND OLDER,Age,06/05/2020,Q32686914
202010712338517,2020,6,06/06/2020,107,PATROL BORO QUEENS SOUTH,QUEENS,FELONY,FELONY ASSAULT,"ASSAULT 2,1,UNCLASSIFIED",ANTI-BLACK,Race/Color,06/06/2020,Q32686988
202011412809517,2020,8,09/15/2020,114,PATROL BORO QUEENS NORTH,QUEENS,FELONY,FELONY ASSAULT,"ASSAULT 2,1,UNCLASSIFIED",ANTI-BLACK,Race/Color,09/21/2020,Q32694547
202010012305417,2020,7,08/11/2020,100,PATROL BORO QUEENS SOUTH,QUEENS,VIOLATION,HARRASSMENT 2,"HARASSMENT,SUBD 1,CIVILIAN",ANTI-MALE HOMOSEXUAL (GAY),Sexual Orientation,10/14/2020,Q32696686
202012012593217,2020,8,08/31/2020,120,PATROL BORO STATEN ISLAND,RICHMOND,MISDEMEANOR,CRIMINAL MISCHIEF & RELATED OF,"CRIMINAL MISCHIEF,UNCLASSIFIED 4",ANTI-BLACK,Race/Color,03/24/2021,S33673861
202006012153917,2020,2,02/08/2020,60,PATROL BORO BKLYN SOUTH,KINGS,FELONY,MISCELLANEOUS PENAL LAW,AGGRAVATED HARASSMENT 1,ANTI-JEWISH,Religion/Religious Practice,,
202006112567417,2020,9,10/19/2020,61,PATROL BORO BKLYN SOUTH,KINGS,FELONY,CRIMINAL MISCHIEF & RELATED OF,"MISCHIEF,CRIMINAL,    UNCL 2ND",ANTI-CATHOLIC,Religion/Religious Practice,,
202007312310317,2020,3,03/23/2020,73,PATROL BORO BKLYN NORTH,KINGS,FELONY,MISCELLANEOUS PENAL LAW,AGGRAVATED HARASSMENT 1,ANTI-JEWISH,Religion/Religious Practice,,
202007512507717,2020,3,03/24/2020,75,PATROL BORO BKLYN NORTH,KINGS,MISDEMEANOR,ASSAULT 3 & RELATED OFFENSES,ASSAULT 3,ANTI-MUSLIM,Religion/Religious Practice,,
202012112370517,2020,6,06/23/2020,121,PATROL BORO STATEN ISLAND,RICHMOND,FELONY,MISCELLANEOUS PENAL LAW,AGGRAVATED HARASSMENT 1,ANTI-JEWISH,Religion/Religious Practice,,
202012012514817,2020,7,07/29/2020,120,PATROL BORO STATEN ISLAND,RICHMOND,MISDEMEANOR,ASSAULT 3 & RELATED OFFENSES,ASSAULT 3,ANTI-BLACK,Race/Color,08/06/2020,S32675770
202012012524517,2020,8,08/01/2020,120,PATROL BORO STATEN ISLAND,RICHMOND,MISDEMEANOR,ASSAULT 3 & RELATED OFFENSES,ASSAULT 3,ANTI-MALE HOMOSEXUAL (GAY),Sexual Orientation,08/06/2020,S32675775
202012012602217,2020,9,09/03/2020,120,PATROL BORO STATEN ISLAND,RICHMOND,MISDEMEANOR,CRIMINAL MISCHIEF & RELATED OF,"CRIMINAL MISCHIEF 4TH, GRAFFIT",ANTI-BLACK,Race/Color,03/24/2021,S33673863
202010712091917,2020,1,01/13/2020,107,PATROL BORO QUEENS SOUTH,QUEENS,FELONY,MISCELLANEOUS PENAL LAW,AGGRAVATED HARASSMENT 1,ANTI-JEWISH,Religion/Religious Practice,,
202010712131317,2020,1,01/31/2020,107,PATROL BORO QUEENS SOUTH,QUEENS,FELONY,MISCELLANEOUS PENAL LAW,AGGRAVATED HARASSMENT 1,ANTI-JEWISH,Religion/Religious Practice,,
202011512290517,2020,3,03/18/2020,115,PATROL BORO QUEENS NORTH,QUEENS,FELONY,CRIMINAL MISCHIEF & RELATED OF,"MISCHIEF,CRIMINAL,    UNCL 2ND",ANTI-MALE HOMOSEXUAL (GAY),Sexual Orientation,,
202001012278617,2020,6,07/02/2020,10,PATROL BORO MAN SOUTH,NEW YORK,MISDEMEANOR,CRIMINAL MISCHIEF & RELATED OF,"CRIMINAL MISCHIEF 4TH, GRAFFIT",ANTI-CATHOLIC,Religion/Religious Practice,,
202001312465617,2020,7,07/06/2020,13,PATROL BORO MAN SOUTH,NEW YORK,MISDEMEANOR,PETIT LARCENY,"LARCENY,PETIT FROM BUILDING,UN",ANTI-JEWISH,Religion/Religious Practice,,
202011112104117,2020,2,02/04/2020,111,PATROL BORO QUEENS NORTH,QUEENS,MISDEMEANOR,ASSAULT 3 & RELATED OFFENSES,ASSAULT 3,ANTI-TRANSGENDER,Gender,02/10/2020,Q32676547
202011412875617,2020,10,10/01/2020,114,PATROL BORO QUEENS NORTH,QUEENS,FELONY,FELONY ASSAULT,"ASSAULT 2,1,UNCLASSIFIED",ANTI-MUSLIM,Religion/Religious Practice,10/01/2020,Q32695451
202012012258917,2020,3,03/14/2020,120,PATROL BORO STATEN ISLAND,RICHMOND,FELONY,MISCELLANEOUS PENAL LAW,AGGRAVATED HARASSMENT 1,ANTI-BLACK,Unclassified,03/24/2021,S33673860
202012012519817,2020,7,07/30/2020,120,PATROL BORO STATEN ISLAND,RICHMOND,MISDEMEANOR,ASSAULT 3 & RELATED OFFENSES,ASSAULT 3,ANTI-ASIAN,Race/Color,08/06/2020,S32675773
202012012524417,2020,7,08/01/2020,120,PATROL BORO STATEN ISLAND,RICHMOND,MISDEMEANOR,ASSAULT 3 & RELATED OFFENSES,ASSAULT 3,ANTI-WHITE,Race/Color,08/06/2020,S32675772
202000112523117,2020,9,09/27/2020,1,PATROL BORO MAN SOUTH,NEW YORK,MISDEMEANOR,ASSAULT 3 & RELATED OFFENSES,ASSAULT 3,ANTI-MALE HOMOSEXUAL (GAY),Sexual Orientation,,
202002412572617,2020,12,12/09/2020,24,PATROL BORO MAN NORTH,NEW YORK,FELONY,MISCELLANEOUS PENAL LAW,AGGRAVATED HARASSMENT 1,ANTI-JEWISH,Religion/Religious Practice,,
202002512663117,2020,10,10/20/2020,25,PATROL BORO MAN NORTH,NEW YORK,MISDEMEANOR,CRIMINAL MISCHIEF & RELATED OF,"CRIMINAL MISCHIEF,UNCLASSIFIED 4",ANTI-BLACK,Race/Color,,
202003012455617,2020,10,10/16/2020,30,PATROL BORO MAN NORTH,NEW YORK,MISDEMEANOR,CRIMINAL MISCHIEF & RELATED OF,"CRIMINAL MISCHIEF 4TH, GRAFFIT",ANTI-OTHER ETHNICITY,Ethnicity/National Origin/Ancestry,,
202006612521317,2020,11,11/18/2020,66,PATROL BORO BKLYN SOUTH,KINGS,MISDEMEANOR,CRIMINAL MISCHIEF & RELATED OF,"MISCHIEF, CRIMINAL 4, OF MOTOR",ANTI-BLACK,Race/Color,,
202008412363017,2020,8,08/04/2020,84,PATROL BORO BKLYN NORTH,KINGS,FELONY,MISCELLANEOUS PENAL LAW,AGGRAVATED HARASSMENT 1,ANTI-JEWISH,Religion/Religious Practice,,
202008812094217,2020,1,01/15/2020,88,PATROL BORO BKLYN NORTH,KINGS,FELONY,MISCELLANEOUS PENAL LAW,AGGRAVATED HARASSMENT 1,ANTI-JEWISH,Religion/Religious Practice,,
202010712142117,2020,2,02/06/2020,107,PATROL BORO QUEENS SOUTH,QUEENS,MISDEMEANOR,OFF. AGNST PUB ORD SENSBLTY &,AGGRAVATED HARASSMENT 2,ANTI-JEWISH,Religion/Religious Practice,,
202012012085817,2020,1,01/07/2020,120,PATROL BORO STATEN ISLAND,RICHMOND,MISDEMEANOR,CRIMINAL MISCHIEF & RELATED OF,"CRIMINAL MISCHIEF 4TH, GRAFFIT",ANTI-JEWISH,Religion/Religious Practice,,
202012212345417,2020,7,07/04/2020,122,PATROL BORO STATEN ISLAND,RICHMOND,FELONY,MISCELLANEOUS PENAL LAW,AGGRAVATED HARASSMENT 1,ANTI-JEWISH,Religion/Religious Practice,,
202002212087817,2020,7,07/26/2020,22,PATROL BORO MAN NORTH,NEW YORK,FELONY,CRIMINAL MISCHIEF & RELATED OF,CRIMINAL MIS 2 & 3,ANTI-MULTI-RACIAL GROUPS,Race/Color,,
202002412493417,2020,10,10/13/2020,24,PATROL BORO MAN NORTH,NEW YORK,FELONY,MISCELLANEOUS PENAL LAW,AGGRAVATED HARASSMENT 1,ANTI-JEWISH,Religion/Religious Practice,,
202002612310417,2020,3,09/06/2020,26,PATROL BORO MAN NORTH,NEW YORK,FELONY,MISCELLANEOUS PENAL LAW,AGGRAVATED HARASSMENT 1,ANTI-JEWISH,Religion/Religious Practice,,
202002812142317,2020,2,02/11/2020,28,PATROL BORO MAN NORTH,NEW YORK,MISDEMEANOR,OFF. AGNST PUB ORD SENSBLTY &,AGGRAVATED HARASSMENT 2,ANTI-MALE HOMOSEXUAL (GAY),Sexual Orientation,,
202003412440217,2020,8,08/01/2020,34,PATROL BORO MAN NORTH,NEW YORK,MISDEMEANOR,CRIMINAL MISCHIEF & RELATED OF,"CRIMINAL MISCHIEF 4TH, GRAFFIT",ANTI-BLACK,Race/Color,,
202011012416017,2020,6,06/12/2020,110,PATROL BORO QUEENS NORTH,QUEENS,MISDEMEANOR,ASSAULT 3 & RELATED OFFENSES,ASSAULT 3,ANTI-HINDU,Religion/Religious Practice,06/12/2020,Q32687409
202010012315917,2020,8,08/19/2020,100,PATROL BORO QUEENS SOUTH,QUEENS,MISDEMEANOR,OFF. AGNST PUB ORD SENSBLTY &,AGGRAVATED HARASSMENT 2,ANTI-MALE HOMOSEXUAL (GAY),Sexual Orientation,10/14/2020,Q32696688
202000112180117,2020,2,02/12/2020,1,PATROL BORO MAN SOUTH,NEW YORK,MISDEMEANOR,CRIMINAL MISCHIEF & RELATED OF,"CRIMINAL MISCHIEF 4TH, GRAFFIT",ANTI-JEWISH,Religion/Religious Practice,,
202000712162017,2020,3,03/04/2020,7,PATROL BORO MAN SOUTH,NEW YORK,FELONY,MISCELLANEOUS PENAL LAW,AGGRAVATED HARASSMENT 1,ANTI-JEWISH,Religion/Religious Practice,,
202001312317417,2020,4,04/08/2020,13,PATROL BORO MAN SOUTH,NEW YORK,MISDEMEANOR,CRIMINAL MISCHIEF & RELATED OF,"CRIMINAL MISCHIEF 4TH, GRAFFIT",ANTI-ASIAN,Race/Color,,
202003412091917,2020,1,01/11/2020,34,PATROL BORO MAN NORTH,NEW YORK,FELONY,MISCELLANEOUS PENAL LAW,AGGRAVATED HARASSMENT 1,ANTI-CATHOLIC,Religion/Religious Practice,,
202004512421317,2020,6,06/18/2020,45,PATROL BORO BRONX,BRONX,FELONY,MISCELLANEOUS PENAL LAW,AGGRAVATED HARASSMENT 1,ANTI-JEWISH,Religion/Religious Practice,,
202006012090817,2020,1,01/10/2020,60,PATROL BORO BKLYN SOUTH,KINGS,MISDEMEANOR,OFF. AGNST PUB ORD SENSBLTY &,AGGRAVATED HARASSMENT 2,ANTI-JEWISH,Religion/Religious Practice,,
202006012482217,2020,8,08/09/2020,60,PATROL BORO BKLYN SOUTH,KINGS,FELONY,MISCELLANEOUS PENAL LAW,AGGRAVATED HARASSMENT 1,ANTI-MALE HOMOSEXUAL (GAY),Sexual Orientation,,
202006312381717,2020,8,08/04/2020,63,PATROL BORO BKLYN SOUTH,KINGS,MISDEMEANOR,OFF. AGNST PUB ORD SENSBLTY &,AGGRAVATED HARASSMENT 2,ANTI-WHITE,Race/Color,,
202007012350017,2020,4,04/30/2020,70,PATROL BORO BKLYN SOUTH,KINGS,FELONY,MISCELLANEOUS PENAL LAW,AGGRAVATED HARASSMENT 1,ANTI-JEWISH,Religion/Religious Practice,,
202007012395917,2020,5,05/26/2020,70,PATROL BORO BKLYN SOUTH,KINGS,FELONY,MISCELLANEOUS PENAL LAW,AGGRAVATED HARASSMENT 1,ANTI-JEWISH,Religion/Religious Practice,,
202007012518317,2020,7,07/17/2020,70,PATROL BORO BKLYN SOUTH,KINGS,FELONY,FELONY ASSAULT,"ASSAULT 2,1,UNCLASSIFIED",ANTI-JEWISH,Religion/Religious Practice,,
202001412311317,2020,3,03/11/2020,14,PATROL BORO MAN SOUTH,NEW YORK,MISDEMEANOR,OFF. AGNST PUB ORD SENSBLTY &,AGGRAVATED HARASSMENT 2,ANTI-ASIAN,Race/Color,,
202002412581417,2020,12,12/16/2020,24,PATROL BORO MAN NORTH,NEW YORK,FELONY,MISCELLANEOUS PENAL LAW,AGGRAVATED HARASSMENT 1,ANTI-MALE HOMOSEXUAL (GAY),Sexual Orientation,,
202002612093317,2020,1,01/20/2020,26,PATROL BORO MAN NORTH,NEW YORK,FELONY,MISCELLANEOUS PENAL LAW,AGGRAVATED HARASSMENT 1,ANTI-BLACK,Race/Color,,
202003012447017,2020,10,10/09/2020,30,PATROL BORO MAN NORTH,NEW YORK,MISDEMEANOR,CRIMINAL MISCHIEF & RELATED OF,"CRIMINAL MISCHIEF 4TH, GRAFFIT",ANTI-MALE HOMOSEXUAL (GAY),Sexual Orientation,,
202003412087917,2020,12,01/09/2020,34,PATROL BORO MAN NORTH,NEW YORK,MISDEMEANOR,PETIT LARCENY,"LARCENY,PETIT FROM BUILDING,UNATTENDED, PACKAGE THEFT INSIDE",ANTI-CATHOLIC,Religion/Religious Practice,,
202006012212017,2020,3,03/06/2020,60,PATROL BORO BKLYN SOUTH,KINGS,MISDEMEANOR,CRIMINAL MISCHIEF & RELATED OF,"CRIMINAL MISCHIEF 4TH, GRAFFIT",ANTI-JEWISH,Religion/Religious Practice,,
202006112581117,2020,10,10/27/2020,61,PATROL BORO BKLYN SOUTH,KINGS,MISDEMEANOR,CRIMINAL MISCHIEF & RELATED OF,"CRIMINAL MISCHIEF 4TH, GRAFFIT",ANTI-JEWISH,Religion/Religious Practice,,
202007112135317,2020,1,02/04/2020,71,PATROL BORO BKLYN SOUTH,KINGS,FELONY,MISCELLANEOUS PENAL LAW,AGGRAVATED HARASSMENT 1,ANTI-MALE HOMOSEXUAL (GAY),Sexual Orientation,,
202007112398517,2020,7,07/14/2020,71,PATROL BORO BKLYN SOUTH,KINGS,FELONY,MISCELLANEOUS PENAL LAW,MAKING TERRORISTIC THREAT,ANTI-JEWISH,Religion/Religious Practice,,
202008812133017,2020,2,02/07/2020,88,PATROL BORO BKLYN NORTH,KINGS,FELONY,FELONY ASSAULT,"ASSAULT 2,1,UNCLASSIFIED",ANTI-WHITE,Race/Color,,
202010712132917,2020,2,02/01/2020,107,PATROL BORO QUEENS SOUTH,QUEENS,MISDEMEANOR,CRIMINAL MISCHIEF & RELATED OF,"CRIMINAL MISCHIEF 4TH, GRAFFIT",ANTI-JEWISH,Religion/Religious Practice,,
202011012240417,2020,3,03/08/2020,110,PATROL BORO QUEENS NORTH,QUEENS,MISDEMEANOR,CRIMINAL MISCHIEF & RELATED OF,"CRIMINAL MISCHIEF 4TH, GRAFFIT",ANTI-BLACK,Race/Color,,
202011212295017,2020,7,07/28/2020,112,PATROL BORO QUEENS NORTH,QUEENS,MISDEMEANOR,OFF. AGNST PUB ORD SENSBLTY &,AGGRAVATED HARASSMENT 2,ANTI-BLACK,Race/Color,,
202001012396417,2020,10,10/01/2020,10,PATROL BORO MAN SOUTH,NEW YORK,FELONY,MISCELLANEOUS PENAL LAW,AGGRAVATED HARASSMENT 1,ANTI-MALE HOMOSEXUAL (GAY),Sexual Orientation,,
202004412913817,2020,9,09/01/2020,44,PATROL BORO BRONX,BRONX,FELONY,MISCELLANEOUS PENAL LAW,AGGRAVATED HARASSMENT 1,ANTI-JEWISH,Religion/Religious Practice,,
202006012600317,2020,10,10/06/2020,60,PATROL BORO BKLYN SOUTH,KINGS,MISDEMEANOR,ASSAULT 3 & RELATED OFFENSES,ASSAULT 3,ANTI-JEWISH,Religion/Religious Practice,,
202006612384517,2020,8,08/16/2020,66,PATROL BORO BKLYN SOUTH,KINGS,FELONY,MISCELLANEOUS PENAL LAW,AGGRAVATED HARASSMENT 1,ANTI-JEWISH,Religion/Religious Practice,,
202007012887817,2020,12,12/26/2020,70,PATROL BORO BKLYN SOUTH,KINGS,FELONY,BURGLARY,"BURGLARY,UNCLASSIFIED,NIGHT",ANTI-JEWISH,Religion/Religious Practice,,
202000512435517,2020,10,10/25/2020,5,PATROL BORO MAN SOUTH,NEW YORK,MISDEMEANOR,ASSAULT 3 & RELATED OFFENSES,"MENACING,UNCLASSIFIED",ANTI-WHITE,Race/Color,,
202002012110917,2020,1,01/30/2020,20,PATROL BORO MAN NORTH,NEW YORK,FELONY,MISCELLANEOUS PENAL LAW,AGGRAVATED HARASSMENT 1,ANTI-JEWISH,Religion/Religious Practice,,
202002512604117,2020,9,09/24/2020,25,PATROL BORO MAN NORTH,NEW YORK,MISDEMEANOR,CRIMINAL MISCHIEF & RELATED OF,"MISCHIEF, CRIMINAL 4, OF MOTOR",ANTI-JEWISH,Religion/Religious Practice,,
202004412287617,2020,2,02/26/2020,44,PATROL BORO BRONX,BRONX,MISDEMEANOR,ASSAULT 3 & RELATED OFFENSES,"MENACING,UNCLASSIFIED",ANTI-MALE HOMOSEXUAL (GAY),Sexual Orientation,,
202000512090517,2020,1,01/13/2020,5,PATROL BORO MAN SOUTH,NEW YORK,MISDEMEANOR,CRIMINAL MISCHIEF & RELATED OF,"CRIMINAL MISCHIEF 4TH, GRAFFIT",ANTI-JEWISH,Religion/Religious Practice,,
202001812264217,2020,3,03/08/2020,18,PATROL BORO MAN SOUTH,NEW YORK,MISDEMEANOR,OFF. AGNST PUB ORD SENSBLTY &,AGGRAVATED HARASSMENT 2,ANTI-JEWISH,Religion/Religious Practice,,
202002312275017,2020,4,04/14/2020,23,PATROL BORO MAN NORTH,NEW YORK,FELONY,MISCELLANEOUS PENAL LAW,AGGRAVATED HARASSMENT 1,ANTI-FEMALE HOMOSEXUAL (LESBIAN),Sexual Orientation,,
202005012120817,2020,12,01/26/2020,50,PATROL BORO BRONX,BRONX,FELONY,MISCELLANEOUS PENAL LAW,AGGRAVATED HARASSMENT 1,ANTI-JEWISH,Religion/Religious Practice,,
202006012150017,2020,2,02/06/2020,60,PATROL BORO BKLYN SOUTH,KINGS,MISDEMEANOR,CRIMINAL MISCHIEF & RELATED OF,"CRIMINAL MISCHIEF 4TH, GRAFFIT",ANTI-JEWISH,Religion/Religious Practice,,
202007912572517,2020,7,07/23/2020,79,PATROL BORO BKLYN NORTH,KINGS,MISDEMEANOR,ASSAULT 3 & RELATED OFFENSES,ASSAULT 3,ANTI-JEWISH,Religion/Religious Practice,,
202010712517617,2020,9,09/10/2020,107,PATROL BORO QUEENS SOUTH,QUEENS,FELONY,MISCELLANEOUS PENAL LAW,AGGRAVATED HARASSMENT 1,ANTI-JEWISH,Religion/Religious Practice,,
202010712518117,2020,9,09/10/2020,107,PATROL BORO QUEENS SOUTH,QUEENS,FELONY,MISCELLANEOUS PENAL LAW,AGGRAVATED HARASSMENT 1,ANTI-JEWISH,Religion/Religious Practice,,
202011112093917,2020,1,01/24/2020,111,PATROL BORO QUEENS NORTH,QUEENS,MISDEMEANOR,CRIMINAL MISCHIEF & RELATED OF,"CRIMINAL MISCHIEF 4TH, GRAFFIT",ANTI-JEWISH,Religion/Religious Practice,,
202011112375117,2020,11,11/21/2020,111,PATROL BORO QUEENS NORTH,QUEENS,MISDEMEANOR,CRIMINAL MISCHIEF & RELATED OF,"CRIMINAL MISCHIEF 4TH, GRAFFIT",ANTI-JEWISH,Religion/Religious Practice,,
202011412875617,2020,10,10/01/2020,114,PATROL BORO QUEENS NORTH,QUEENS,FELONY,FELONY ASSAULT,"ASSAULT 2,1,UNCLASSIFIED",ANTI-MUSLIM,Religion/Religious Practice,,
202012012401617,2020,1,06/04/2020,120,PATROL BORO STATEN ISLAND,RICHMOND,FELONY,MISCELLANEOUS PENAL LAW,AGGRAVATED HARASSMENT 1,ANTI-JEWISH,Religion/Religious Practice,,
202012012516917,2020,7,07/29/2020,120,PATROL BORO STATEN ISLAND,RICHMOND,MISDEMEANOR,ASSAULT 3 & RELATED OFFENSES,ASSAULT 3,ANTI-WHITE,Race/Color,08/06/2020,S32675771
202008812085417,2020,1,01/09/2020,88,PATROL BORO BKLYN NORTH,KINGS,MISDEMEANOR,CRIMINAL MISCHIEF & RELATED OF,"CRIMINAL MISCHIEF 4TH, GRAFFIT",ANTI-JEWISH,Religion/Religious Practice,,
202010012198517,2020,5,05/08/2020,100,PATROL BORO QUEENS SOUTH,QUEENS,MISDEMEANOR,CRIMINAL MISCHIEF & RELATED OF,"CRIMINAL MISCHIEF 4TH, GRAFFIT",ANTI-BLACK,Race/Color,,
202010112379517,2020,7,07/14/2020,101,PATROL BORO QUEENS SOUTH,QUEENS,MISDEMEANOR,CRIMINAL MISCHIEF & RELATED OF,"CRIMINAL MISCHIEF 4TH, GRAFFIT",ANTI-JEWISH,Religion/Religious Practice,,
202010912482617,2020,6,06/04/2020,109,PATROL BORO QUEENS NORTH,QUEENS,FELONY,MISCELLANEOUS PENAL LAW,MAKING TERRORISTIC THREAT,ANTI-BLACK,Race/Color,,
202011012632217,2020,9,09/14/2020,110,PATROL BORO QUEENS NORTH,QUEENS,MISDEMEANOR,ASSAULT 3 & RELATED OFFENSES,ASSAULT 3,ANTI-BLACK,Race/Color,,
202011312159617,2020,1,01/31/2020,113,PATROL BORO QUEENS SOUTH,QUEENS,FELONY,MISCELLANEOUS PENAL LAW,AGGRAVATED HARASSMENT 1,ANTI-BLACK,Race/Color,,
202012012411217,2020,6,06/09/2020,120,PATROL BORO STATEN ISLAND,RICHMOND,FELONY,ROBBERY,"ROBBERY,OPEN AREA UNCLASSIFIED",ANTI-MALE HOMOSEXUAL (GAY),Sexual Orientation,,
202000112245417,2020,3,03/12/2020,1,PATROL BORO MAN SOUTH,NEW YORK,FELONY,MISCELLANEOUS PENAL LAW,AGGRAVATED HARASSMENT 1,ANTI-JEWISH,Religion/Religious Practice,,
202000512241617,2020,5,05/20/2020,5,PATROL BORO MAN SOUTH,NEW YORK,MISDEMEANOR,CRIMINAL MISCHIEF & RELATED OF,"CRIMINAL MISCHIEF 4TH, GRAFFIT",ANTI-JEWISH,Religion/Religious Practice,,
202001912359517,2020,4,04/25/2020,19,PATROL BORO MAN NORTH,NEW YORK,FELONY,MISCELLANEOUS PENAL LAW,AGGRAVATED HARASSMENT 1,ANTI-JEWISH,Religion/Religious Practice,,
202005212855217,2020,9,09/18/2020,52,PATROL BORO BRONX,BRONX,MISDEMEANOR,CRIMINAL MISCHIEF & RELATED OF,"CRIMINAL MISCHIEF 4TH, GRAFFIT",ANTI-LGBT (MIXED GROUP),Sexual Orientation,,
202007012216117,2020,2,02/26/2020,70,PATROL BORO BKLYN SOUTH,KINGS,MISDEMEANOR,CRIMINAL MISCHIEF & RELATED OF,"CRIMINAL MISCHIEF,UNCLASSIFIED 4",ANTI-JEWISH,Religion/Religious Practice,,
202007012786117,2020,11,11/11/2020,70,PATROL BORO BKLYN SOUTH,KINGS,MISDEMEANOR,OFF. AGNST PUB ORD SENSBLTY &,AGGRAVATED HARASSMENT 2,ANTI-JEWISH,Religion/Religious Practice,,
202007012887617,2020,12,12/26/2020,70,PATROL BORO BKLYN SOUTH,KINGS,FELONY,MISCELLANEOUS PENAL LAW,AGGRAVATED HARASSMENT 1,ANTI-JEWISH,Religion/Religious Practice,,
202007312227117,2020,2,02/25/2020,73,PATROL BORO BKLYN NORTH,KINGS,FELONY,MISCELLANEOUS PENAL LAW,AGGRAVATED HARASSMENT 1,ANTI-JEWISH,Religion/Religious Practice,,
202007712294817,2020,4,04/22/2020,77,PATROL BORO BKLYN NORTH,KINGS,MISDEMEANOR,CRIMINAL MISCHIEF & RELATED OF,"CRIMINAL MISCHIEF 4TH, GRAFFIT",ANTI-WHITE,Race/Color,,
202010012144317,2020,3,03/12/2020,100,PATROL BORO QUEENS SOUTH,QUEENS,MISDEMEANOR,CRIMINAL MISCHIEF & RELATED OF,"CRIMINAL MISCHIEF 4TH, GRAFFIT",ANTI-JEWISH,Religion/Religious Practice,,
202011012362917,2020,5,05/16/2020,110,PATROL BORO QUEENS NORTH,QUEENS,MISDEMEANOR,CRIMINAL MISCHIEF & RELATED OF,"CRIMINAL MISCHIEF 4TH, GRAFFIT",ANTI-ARAB,Ethnicity/National Origin/Ancestry,,
202011112215217,2020,6,06/14/2020,111,PATROL BORO QUEENS NORTH,QUEENS,VIOLATION,HARRASSMENT 2,"HARASSMENT,SUBD 1,CIVILIAN",ANTI-ASIAN,Race/Color,,
202001012266817,2020,6,06/25/2020,10,PATROL BORO MAN SOUTH,NEW YORK,MISDEMEANOR,CRIMINAL MISCHIEF & RELATED OF,"CRIMINAL MISCHIEF 4TH, GRAFFIT",ANTI-BLACK,Race/Color,,
202001312594217,2020,9,09/02/2020,13,PATROL BORO MAN SOUTH,NEW YORK,FELONY,FELONY ASSAULT,"ASSAULT 2,1,UNCLASSIFIED",ANTI-ASIAN,Race/Color,,
202001712210617,2020,5,05/03/2020,17,PATROL BORO MAN SOUTH,NEW YORK,MISDEMEANOR,OFF. AGNST PUB ORD SENSBLTY &,AGGRAVATED HARASSMENT 2,ANTI-ASIAN,Race/Color,,
202005012510717,2020,10,10/09/2020,50,PATROL BORO BRONX,BRONX,FELONY,MISCELLANEOUS PENAL LAW,AGGRAVATED HARASSMENT 1,ANTI-JEWISH,Religion/Religious Practice,,
202007012209917,2020,12,02/24/2020,70,PATROL BORO BKLYN SOUTH,KINGS,FELONY,MISCELLANEOUS PENAL LAW,AGGRAVATED HARASSMENT 1,ANTI-JEWISH,Religion/Religious Practice,,
202007212674817,2020,12,12/18/2020,72,PATROL BORO BKLYN SOUTH,KINGS,FELONY,MISCELLANEOUS PENAL LAW,AGGRAVATED HARASSMENT 1,ANTI-JEWISH,Religion/Religious Practice,,
202007612206017,2020,7,07/08/2020,76,PATROL BORO BKLYN SOUTH,KINGS,MISDEMEANOR,CRIMINAL MISCHIEF & RELATED OF,"CRIMINAL MISCHIEF 4TH, GRAFFIT",ANTI-BLACK,Race/Color,,
202009412370417,2020,9,09/16/2020,94,PATROL BORO BKLYN NORTH,KINGS,MISDEMEANOR,OFF. AGNST PUB ORD SENSBLTY &,AGGRAVATED HARASSMENT 2,ANTI-JEWISH,Religion/Religious Practice,,
202010712642717,2020,11,11/19/2020,107,PATROL BORO QUEENS SOUTH,QUEENS,FELONY,MISCELLANEOUS PENAL LAW,AGGRAVATED HARASSMENT 1,ANTI-JEWISH,Religion/Religious Practice,,
202011212356417,2020,9,09/21/2020,112,PATROL BORO QUEENS NORTH,QUEENS,FELONY,MISCELLANEOUS PENAL LAW,AGGRAVATED HARASSMENT 1,ANTI-JEWISH,Religion/Religious Practice,,
202011512997717,2020,12,12/21/2020,115,PATROL BORO QUEENS NORTH,QUEENS,MISDEMEANOR,CRIMINAL MISCHIEF & RELATED OF,"CRIMINAL MISCHIEF 4TH, GRAFFIT",ANTI-HISPANIC,Ethnicity/National Origin/Ancestry,,
202012212351017,2020,6,07/08/2020,122,PATROL BORO STATEN ISLAND,RICHMOND,MISDEMEANOR,OFF. AGNST PUB ORD SENSBLTY &,AGGRAVATED HARASSMENT 2,ANTI-WHITE,Race/Color,,
202000612250017,2020,4,04/21/2020,6,PATROL BORO MAN SOUTH,NEW YORK,MISDEMEANOR,CRIMINAL MISCHIEF & RELATED OF,"CRIMINAL MISCHIEF 4TH, GRAFFIT",ANTI-ASIAN,Race/Color,,
202000712108917,2020,1,01/27/2020,7,PATROL BORO MAN SOUTH,NEW YORK,MISDEMEANOR,CRIMINAL MISCHIEF & RELATED OF,"CRIMINAL MISCHIEF 4TH, GRAFFIT",ANTI-JEWISH,Religion/Religious Practice,,
202000712189317,2020,3,03/25/2020,7,PATROL BORO MAN SOUTH,NEW YORK,MISDEMEANOR,OFF. AGNST PUB ORD SENSBLTY &,AGGRAVATED HARASSMENT 2,ANTI-TRANSGENDER,Gender,,
202001012271017,2020,6,06/28/2020,10,PATROL BORO MAN SOUTH,NEW YORK,MISDEMEANOR,CRIMINAL MISCHIEF & RELATED OF,"CRIMINAL MISCHIEF 4TH, GRAFFIT",ANTI-CATHOLIC,Religion/Religious Practice,,
202001012297217,2020,7,07/17/2020,10,PATROL BORO MAN SOUTH,NEW YORK,MISDEMEANOR,CRIMINAL MISCHIEF & RELATED OF,"CRIMINAL MISCHIEF 4TH, GRAFFIT",ANTI-CATHOLIC,Religion/Religious Practice,,
202001012297317,2020,7,07/17/2020,10,PATROL BORO MAN SOUTH,NEW YORK,MISDEMEANOR,CRIMINAL MISCHIEF & RELATED OF,"CRIMINAL MISCHIEF 4TH, GRAFFIT",ANTI-CATHOLIC,Religion/Religious Practice,,
202006612157417,2020,2,02/26/2020,66,PATROL BORO BKLYN SOUTH,KINGS,FELONY,MISCELLANEOUS PENAL LAW,AGGRAVATED HARASSMENT 1,ANTI-JEWISH,Religion/Religious Practice,,
202006713081317,2020,12,12/07/2020,67,PATROL BORO BKLYN SOUTH,KINGS,MISDEMEANOR,OFF. AGNST PUB ORD SENSBLTY &,AGGRAVATED HARASSMENT 2,ANTI-BLACK,Race/Color,,
202007012164217,2020,2,02/06/2020,70,PATROL BORO BKLYN SOUTH,KINGS,FELONY,MISCELLANEOUS PENAL LAW,AGGRAVATED HARASSMENT 1,ANTI-JEWISH,Religion/Religious Practice,,
202007012576017,2020,8,08/10/2020,70,PATROL BORO BKLYN SOUTH,KINGS,FELONY,MISCELLANEOUS PENAL LAW,AGGRAVATED HARASSMENT 1,ANTI-JEWISH,Religion/Religious Practice,,
202007212105317,2020,11,01/22/2020,72,PATROL BORO BKLYN SOUTH,KINGS,FELONY,MISCELLANEOUS PENAL LAW,AGGRAVATED HARASSMENT 1,ANTI-JEWISH,Religion/Religious Practice,,
202008812090717,2020,1,01/13/2020,88,PATROL BORO BKLYN NORTH,KINGS,MISDEMEANOR,OFF. AGNST PUB ORD SENSBLTY &,AGGRAVATED HARASSMENT 2,ANTI-BLACK,Race/Color,,
202000612477117,2020,10,10/05/2020,6,PATROL BORO MAN SOUTH,NEW YORK,FELONY,MISCELLANEOUS PENAL LAW,AGGRAVATED HARASSMENT 1,ANTI-JEWISH,Religion/Religious Practice,,
202001012275317,2020,6,06/30/2020,10,PATROL BORO MAN SOUTH,NEW YORK,MISDEMEANOR,CRIMINAL MISCHIEF & RELATED OF,"CRIMINAL MISCHIEF 4TH, GRAFFIT",ANTI-CATHOLIC,Religion/Religious Practice,,
202001812252117,2020,3,03/04/2020,18,PATROL BORO MAN SOUTH,NEW YORK,FELONY,MISCELLANEOUS PENAL LAW,AGGRAVATED HARASSMENT 1,ANTI-JEWISH,Religion/Religious Practice,,
202002512166717,2020,2,02/10/2020,25,PATROL BORO MAN NORTH,NEW YORK,MISDEMEANOR,CRIMINAL MISCHIEF & RELATED OF,"CRIMINAL MISCHIEF,UNCLASSIFIED 4",ANTI-BLACK,Race/Color,,
202004313286617,2020,12,12/18/2020,43,PATROL BORO BRONX,BRONX,MISDEMEANOR,ASSAULT 3 & RELATED OFFENSES,ASSAULT 3,ANTI-MUSLIM,Religion/Religious Practice,,
202006612243317,2020,5,05/08/2020,66,PATROL BORO BKLYN SOUTH,KINGS,FELONY,CRIMINAL MISCHIEF & RELATED OF,CRIMINAL MIS 2 & 3,ANTI-CATHOLIC,Religion/Religious Practice,,
202007912572417,2020,7,07/23/2020,79,PATROL BORO BKLYN NORTH,KINGS,MISDEMEANOR,OFF. AGNST PUB ORD SENSBLTY &,AGGRAVATED HARASSMENT 2,ANTI-JEWISH,Religion/Religious Practice,,
202007912572617,2020,7,07/23/2020,79,PATROL BORO BKLYN NORTH,KINGS,MISDEMEANOR,OFF. AGNST PUB ORD SENSBLTY &,AGGRAVATED HARASSMENT 2,ANTI-JEWISH,Religion/Religious Practice,,
202009012783317,2020,12,12/28/2020,90,PATROL BORO BKLYN NORTH,KINGS,MISDEMEANOR,ASSAULT 3 & RELATED OFFENSES,ASSAULT 3,ANTI-FEMALE,Gender,,
202001912730417,2020,9,09/29/2020,19,PATROL BORO MAN NORTH,NEW YORK,MISDEMEANOR,CRIMINAL MISCHIEF & RELATED OF,"CRIMINAL MISCHIEF,UNCLASSIFIED 4",ANTI-JEWISH,Religion/Religious Practice,,
202002012233017,2020,6,06/06/2020,20,PATROL BORO MAN NORTH,NEW YORK,FELONY,ROBBERY,"ROBBERY,POCKETBOOK/CARRIED BAG",ANTI-GENDER NON-CONFORMING,Gender,,
202007513163517,2020,8,08/18/2020,75,PATROL BORO BKLYN NORTH,KINGS,FELONY,GRAND LARCENY,"LARCENY,GRAND FROM PERSON,UNCL",ANTI-JEWISH,Religion/Religious Practice,,
202007912116417,2020,1,01/17/2020,79,PATROL BORO BKLYN NORTH,KINGS,MISDEMEANOR,OFF. AGNST PUB ORD SENSBLTY &,AGGRAVATED HARASSMENT 2,ANTI-JEWISH,Religion/Religious Practice,,
202011112114917,2020,2,02/13/2020,111,PATROL BORO QUEENS NORTH,QUEENS,FELONY,MISCELLANEOUS PENAL LAW,AGGRAVATED HARASSMENT 1,ANTI-JEWISH,Religion/Religious Practice,,
202012012330717,2020,4,04/26/2020,120,PATROL BORO STATEN ISLAND,RICHMOND,FELONY,MISCELLANEOUS PENAL LAW,AGGRAVATED HARASSMENT 1,ANTI-JEWISH,Religion/Religious Practice,,
202001312649417,2020,9,09/27/2020,13,PATROL BORO MAN SOUTH,NEW YORK,MISDEMEANOR,CRIMINAL MISCHIEF & RELATED OF,"CRIMINAL MISCHIEF,UNCLASSIFIED 4",ANTI-JEWISH,Religion/Religious Practice,,
202001712294417,2020,7,07/24/2020,17,PATROL BORO MAN SOUTH,NEW YORK,FELONY,FELONY ASSAULT,"ASSAULT 2,1,UNCLASSIFIED",ANTI-ASIAN,Race/Color,,
202004012235917,2020,2,02/07/2020,40,PATROL BORO BRONX,BRONX,MISDEMEANOR,CRIMINAL MISCHIEF & RELATED OF,"CRIMINAL MISCHIEF 4TH, GRAFFIT",ANTI-BLACK,Race/Color,,
202004012336917,2020,3,03/02/2020,40,PATROL BORO BRONX,BRONX,MISDEMEANOR,ASSAULT 3 & RELATED OFFENSES,ASSAULT 3,ANTI-FEMALE HOMOSEXUAL (LESBIAN),Sexual Orientation,,
202004413034117,2020,10,10/03/2020,44,PATROL BORO BRONX,BRONX,MISDEMEANOR,CRIMINAL MISCHIEF & RELATED OF,"CRIMINAL MISCHIEF 4TH, GRAFFIT",ANTI-JEWISH,Religion/Religious Practice,,
202006312172117,2020,2,03/04/2020,63,PATROL BORO BKLYN SOUTH,KINGS,FELONY,MISCELLANEOUS PENAL LAW,AGGRAVATED HARASSMENT 1,ANTI-JEWISH,Religion/Religious Practice,,
202007012504417,2020,7,07/11/2020,70,PATROL BORO BKLYN SOUTH,KINGS,MISDEMEANOR,ASSAULT 3 & RELATED OFFENSES,ASSAULT 3,ANTI-JEWISH,Religion/Religious Practice,,
202007212445117,2020,8,08/13/2020,72,PATROL BORO BKLYN SOUTH,KINGS,MISDEMEANOR,CRIMINAL MISCHIEF & RELATED OF,"CRIMINAL MISCHIEF,UNCLASSIFIED 4",ANTI-BLACK,Race/Color,,
202007712620917,2020,10,10/07/2020,77,PATROL BORO BKLYN NORTH,KINGS,MISDEMEANOR,OFF. AGNST PUB ORD SENSBLTY &,AGGRAVATED HARASSMENT 2,ANTI-BLACK,Race/Color,,
202008412495517,2020,10,10/23/2020,84,PATROL BORO BKLYN NORTH,KINGS,FELONY,CRIMINAL MISCHIEF & RELATED OF,"MISCHIEF,CRIMINAL,    UNCL 2ND",ANTI-JEWISH,Religion/Religious Practice,,
202009012673117,2020,11,11/01/2020,90,PATROL BORO BKLYN NORTH,KINGS,MISDEMEANOR,CRIMINAL MISCHIEF & RELATED OF,"CRIMINAL MISCHIEF 4TH, GRAFFIT",ANTI-JEWISH,Religion/Religious Practice,,
202010112103217,2020,1,01/19/2020,101,PATROL BORO QUEENS SOUTH,QUEENS,FELONY,MISCELLANEOUS PENAL LAW,AGGRAVATED HARASSMENT 1,ANTI-JEWISH,Religion/Religious Practice,,
202010712204017,2020,3,03/09/2020,107,PATROL BORO QUEENS SOUTH,QUEENS,FELONY,MISCELLANEOUS PENAL LAW,AGGRAVATED HARASSMENT 1,ANTI-JEWISH,Religion/Religious Practice,,
202011112312517,2020,9,09/25/2020,111,PATROL BORO QUEENS NORTH,QUEENS,MISDEMEANOR,CRIMINAL MISCHIEF & RELATED OF,"CRIMINAL MISCHIEF 4TH, GRAFFIT",ANTI-JEWISH,Religion/Religious Practice,,
202011112357617,2020,11,11/06/2020,111,PATROL BORO QUEENS NORTH,QUEENS,FELONY,MISCELLANEOUS PENAL LAW,AGGRAVATED HARASSMENT 1,ANTI-JEWISH,Religion/Religious Practice,,
